epoch,LSTM,CNN
0,0.483419249,0.634243036
1,0.406066816,0.492360283
2,0.391677059,0.45982876
3,0.380746148,0.441288236
4,0.371545802,0.427786106
5,0.36,0.4
6,0.35,0.39
7,0.35,0.38
8,0.356,0.37
9,0.345,0.375
10,0.34,0.37